Gender,Mean,Lower_ci,Upper_ci
Male,9438.73624442,9339.161930000002,9538.472522499998
Female,8759.27068226,8666.6173675000009,8851.0876775
