"","Gender","purchase_mean","n","df","se","lower_95","upper_95"
"1","F",8809.76134859339,132197,132196,12.985649613943,8784.30971000325,8835.21298718353
"2","M",9504.77171296068,405380,405379,7.93324985137417,9489.22278254625,9520.32064337511
