"","Gender","purchase_mean","n","se","lower_95","upper_95"
"1","F",8809.76134859339,132197,12.985649613943,8784.3099430342,8835.21275415257
"2","M",9504.77171296068,405380,7.93324985137417,9489.22282897163,9520.32059694973
