"","Gender","purchase_mean","n","se","lower_95","upper_95"
"1","F",8841.96035242291,227,325.678702914885,8203.63009470973,9480.29061013608
"2","M",9353.76455368693,773,185.134784029802,8990.90037698852,9716.62873038535
