Gender,Mean,Lower_ci,Upper_ci
Male,9480.5118978899991,9381.8916075,9579.915475
Female,8795.24965859,8704.384432500001,8885.659585000001
