Gender,mean_purchase,lower_ci,upper_ci
F,8841.960352422908,8224.773568281938,9491.174779735682
M,9353.764553686933,8991.045407503234,9722.009540750323
