"","estimate","estimate1","estimate2","statistic","p.value","parameter","conf.low","conf.high","method","alternative"
"1",-511.804201264025,8841.96035242291,9353.76455368693,-1.36618898848528,0.172679321190235,383.924700696368,-1248.37144965952,224.763047131472,"Welch Two Sample t-test","two.sided"
